-- phpMyAdmin SQL Dump
-- version 5.2.0
-- https://www.phpmyadmin.net/
--
-- Host: localhost
-- Generation Time: Feb 09, 2023 at 10:17 PM
-- Server version: 10.4.27-MariaDB
-- PHP Version: 8.2.0

SET SQL_MODE = "NO_AUTO_VALUE_ON_ZERO";
START TRANSACTION;
SET time_zone = "+00:00";


/*!40101 SET @OLD_CHARACTER_SET_CLIENT=@@CHARACTER_SET_CLIENT */;
/*!40101 SET @OLD_CHARACTER_SET_RESULTS=@@CHARACTER_SET_RESULTS */;
/*!40101 SET @OLD_COLLATION_CONNECTION=@@COLLATION_CONNECTION */;
/*!40101 SET NAMES utf8mb4 */;

--
-- Database: `ItineraryRecommender`
--

-- --------------------------------------------------------

--
-- Table structure for table `likes`
--

CREATE TABLE `likes` (
  `userID` int(11) NOT NULL,
  `POI_ID` varchar(255) NOT NULL
) ENGINE=InnoDB DEFAULT CHARSET=utf8mb4 COLLATE=utf8mb4_general_ci;

--
-- Dumping data for table `likes`
--

INSERT INTO `likes` (`userID`, `POI_ID`) VALUES
(20, '6x6rR-SErwOo3xF2AzXVHA'),
(20, 'E5cecsuxC11xDO9E3c93lA'),
(21, 'F5n57w6RaOCAB4bivNSs8A'),
(30, 'UFCN0bYdHroPKu6KV5CJqg'),
(30, 'vP_Rkh68ohANnCL-nXED6Q'),
(31, 'F5n57w6RaOCAB4bivNSs8A');

-- --------------------------------------------------------

--
-- Table structure for table `pois`
--

CREATE TABLE `pois` (
  `Lat` decimal(15,10) NOT NULL,
  `Lng` decimal(15,10) NOT NULL,
  `Category` text NOT NULL,
  `id` int(11) NOT NULL,
  `address` varchar(255) DEFAULT NULL,
  `phone` varchar(15) DEFAULT NULL,
  `name` varchar(50) DEFAULT NULL,
  `rating` decimal(2,1) DEFAULT NULL,
  `num_ratings` int(100) DEFAULT NULL,
  `API_ID` varchar(55) DEFAULT NULL,
  `reviews` mediumtext DEFAULT NULL,
  `image_url` varchar(255) NOT NULL,
  `url` varchar(255) NOT NULL,
  `price` varchar(5) NOT NULL
) ENGINE=InnoDB DEFAULT CHARSET=utf8mb4 COLLATE=utf8mb4_general_ci;

--
-- Dumping data for table `pois`
--

INSERT INTO `pois` (`Lat`, `Lng`, `Category`, `id`, `address`, `phone`, `name`, `rating`, `num_ratings`, `API_ID`, `reviews`, `image_url`, `url`, `price`) VALUES
('39.7687700000', '-86.1695370000', 'museums', 1224, '650 W Washington St', '+13172321637', 'Indiana State Museum', '4.5', 121, '9WCzvpbGzcs4AVYSThNYag', ' very nice and informative exhibits clean museum admission price is a little expensive but it is a very nice museum they have a lot of different exhibits took the kids to ride the holiday train there were little play stations in the middle of the room where you wait in line for train what a brilliant idea the indiana state museum is a great museum for the whole family to visit this trip there were a ton of families visiting in addition to a class on a field', 'https://s3-media2.fl.yelpcdn.com/bphoto/3fB2rF1SeSB6KCBl0i_13A/o.jpg', 'https://www.yelp.com/biz/indiana-state-museum-indianapolis?adjust_creative=13fm2IFOwwkkm0xoP1hczw&utm_campaign=yelp_api_v3&utm_medium=api_v3_business_search&utm_source=13fm2IFOwwkkm0xoP1hczw', ''),
('39.8274175724', '-86.1896065943', 'artmuseums', 1225, '4000 N Michigan Rd', '+13179231331', 'Newfields: A Place for Nature and the Arts', '4.5', 396, '6x6rR-SErwOo3xF2AzXVHA', ' newfields always has the best holiday events whether youre looking for christmas lights in the winter a fall fest to try new beers or a fun activity for we love newfields weve been members for a little over a year now and have greatly enjoyed visiting the museum throughout all four seasons every few weeks this is one of my favorite places in indianapolis get the membership if youre local and plan on going more than once their new beer garden is in a prime', 'https://s3-media2.fl.yelpcdn.com/bphoto/cOh78R0YG3yW503Z6V7qPg/o.jpg', 'https://www.yelp.com/biz/newfields-a-place-for-nature-and-the-arts-indianapolis?adjust_creative=13fm2IFOwwkkm0xoP1hczw&utm_campaign=yelp_api_v3&utm_medium=api_v3_business_search&utm_source=13fm2IFOwwkkm0xoP1hczw', ''),
('39.7676353628', '-86.1407184499', 'pizza', 1227, '19 Cruse St', '+13173604725', 'Futuro', '4.5', 160, 'wD0OY5AYINSCyCflHgd7Ag', ' we finally got around to trying futuro today and it did not disappoint after getting featured as one of the best pizza places in the us i believe on it is said that in the dark corners of american society injustices run rampant and dreams are shattered daily yet amidst this bleak landscape there the six of us ordered one deep dish super detroit style and one tavern style with the chicken limo and veglord split on it we also ordered the', 'https://s3-media2.fl.yelpcdn.com/bphoto/jSZY5o80mxPdXhb_layLXA/o.jpg', 'https://www.yelp.com/biz/futuro-indianapolis?adjust_creative=13fm2IFOwwkkm0xoP1hczw&utm_campaign=yelp_api_v3&utm_medium=api_v3_business_search&utm_source=13fm2IFOwwkkm0xoP1hczw', '$$'),
('39.7886700000', '-86.1363100000', 'pizza', 1228, '1601 Columbia Ave', '+13176026833', 'Greek’s Pizzeria-  Indianapolis', '4.5', 94, 'Y6bKMtyK02vhA5doR_z7qA', ' greeks is the perfect place for a quick and reliable meal i always know that what i order is going to be just what i wanted that itll be hot and that it weve ordered from this greeks many times and will continue to they always are running a deal and the pizza always come out quickthis time around we great pizza placed an order for pickup and it was ready when it was supposed to be great service by the employees pizza has perfect crust and the sauce', 'https://s3-media3.fl.yelpcdn.com/bphoto/38zkJpTUnBHCCXA6Dnr7hw/o.jpg', 'https://www.yelp.com/biz/greek-s-pizzeria-indianapolis-indianapolis?adjust_creative=13fm2IFOwwkkm0xoP1hczw&utm_campaign=yelp_api_v3&utm_medium=api_v3_business_search&utm_source=13fm2IFOwwkkm0xoP1hczw', ''),
('39.7662500000', '-86.1568290000', 'pizza', 1229, '65 E Pearl St', '+13176383110', 'Pearl Street Pizzeria & Pub', '4.0', 367, '2W0P6hXCbE6EgP5R6y9eBw', ' best bar staff and most importantly best soup ever  i go in multiple times a week for a bowl of spicy chicken gorgonzola soup our group stopped in here while walking around the downtown  its located on a small back street near the arena  when we walked in you could tell the in a pizza-loving town with a lot of chain pie places its about time indy be known for some kind of food besides corn and tenderloins if detroit can have', 'https://s3-media3.fl.yelpcdn.com/bphoto/hQgsLxPg2h2NMr-CrqpAcQ/o.jpg', 'https://www.yelp.com/biz/pearl-street-pizzeria-and-pub-indianapolis?adjust_creative=13fm2IFOwwkkm0xoP1hczw&utm_campaign=yelp_api_v3&utm_medium=api_v3_business_search&utm_source=13fm2IFOwwkkm0xoP1hczw', '$$'),
('39.6392800000', '-86.0838900000', 'pizza', 1232, '8810 S Emerson Ave', '+13178650911', 'Brozinni Pizzeria', '4.5', 401, 'b1oTd46rLH7BHjGQGbsUqA', ' what is better on a beautiful fall day than an apple orchard and a food truck maybe only if it is brozini pizzeria food truckwe went to adrians orchard so happy the pizza drought is over and my favorite is finally open again massive remodel has taken place kitchen is moved to where the dining room used to breadsticks are fantastic  the remodel looks great  service was quick and our food came out with no delay  my son has allergies so disappointed to find', 'https://s3-media1.fl.yelpcdn.com/bphoto/BU7SyypGc_h4Uy3K3QzCnA/o.jpg', 'https://www.yelp.com/biz/brozinni-pizzeria-indianapolis?adjust_creative=13fm2IFOwwkkm0xoP1hczw&utm_campaign=yelp_api_v3&utm_medium=api_v3_business_search&utm_source=13fm2IFOwwkkm0xoP1hczw', '$$'),
('39.7812428847', '-86.2407670706', 'pizza', 1233, '1067 N Main St', '+13177442826', 'Brozinni Pizzeria at Speedway', '4.5', 88, 'F5n57w6RaOCAB4bivNSs8A', ' wonderful addition to speedway im a big fan of brozinni pizza in general and while we miss the southside location its a good excuse to visit speedway we loved hanging out inside brozinni pizzerias covered multi tiered patio with fireplaces with our dog  what a cool space  we enjoyed their delicious delicious  awesome atmosphere pizza was so good  definitely coming back next time we are in town so close to the speedway as well', 'https://s3-media3.fl.yelpcdn.com/bphoto/Wnj38IgMDewqwaf7WPbOBA/o.jpg', 'https://www.yelp.com/biz/brozinni-pizzeria-at-speedway-speedway?adjust_creative=13fm2IFOwwkkm0xoP1hczw&utm_campaign=yelp_api_v3&utm_medium=api_v3_business_search&utm_source=13fm2IFOwwkkm0xoP1hczw', '$$'),
('39.7715300000', '-86.1534000000', 'pizza', 1234, '333 Massachusetts Ave', '+13176367662', 'Bazbeaux Pizza', '4.0', 697, 'NhXS2YbDi3N1IrIl0bcnpg', ' i got half quattro a la formaggio it was marvelous that slightly sweet mostly just mild ricotta swimming in seas of bacon and yellow gooey cheese on great ambience and service at this location food came out fast and cooked perfectly wish they had more domestic beers to choose from pizza crust was i really dont have anything bad to say about bazbeauxs the staff is always friendly the service is good the food is fresh and the ambience is just', 'https://s3-media2.fl.yelpcdn.com/bphoto/Bc4ukNH9qYvSapimReDMIg/o.jpg', 'https://www.yelp.com/biz/bazbeaux-pizza-indianapolis-3?adjust_creative=13fm2IFOwwkkm0xoP1hczw&utm_campaign=yelp_api_v3&utm_medium=api_v3_business_search&utm_source=13fm2IFOwwkkm0xoP1hczw', '$$'),
('39.6112400000', '-86.1097400000', 'pizza', 1235, '401 Market Plz', '+13178838993', 'Jockamo Upper Crust Pizza', '4.5', 326, '9xIGw5YaYLlqZ4dfnQ1kKQ', ' happen to be up in the area one day this weekend  couldnt not stop to grab a pizza on my way home i called in a to-go order on sunday around 600pm they i tend to be picky where pizza is concerned but jockamos has not let me down we always get the breadsticks with the creamy parmesan dipping sauceso stopped in to get our usual at this great south side pizzeria for starters we ordered a small greek salads and breadsticks with the house-made creamy', 'https://s3-media1.fl.yelpcdn.com/bphoto/vyTX35deqyo4E9d-oSH-fQ/o.jpg', 'https://www.yelp.com/biz/jockamo-upper-crust-pizza-greenwood?adjust_creative=13fm2IFOwwkkm0xoP1hczw&utm_campaign=yelp_api_v3&utm_medium=api_v3_business_search&utm_source=13fm2IFOwwkkm0xoP1hczw', '$$'),
('39.7772590000', '-86.1381140000', 'localflavor', 1236, '723 Dorman St', '', 'Cottage Home Block Party', '5.0', 13, 'QO2A1VAq4LPn7rEf-xm7Gw', ' i got there early and the streets were filling up fast with lots of children  adults we met many new residents and even saw some familiar faces the 1st what a fun time this is a great way to support the neighborhood hang out with friends and enjoy the fall weather i was highly impressed with the fire such an impressive neighborhood party for starters id like to point out that this event is put on completely by volunteers how incredible to see the', 'https://s3-media1.fl.yelpcdn.com/bphoto/qfksHiJ1cvA_o-W2h3n5EQ/o.jpg', 'https://www.yelp.com/biz/cottage-home-block-party-indianapolis?adjust_creative=13fm2IFOwwkkm0xoP1hczw&utm_campaign=yelp_api_v3&utm_medium=api_v3_business_search&utm_source=13fm2IFOwwkkm0xoP1hczw', ''),
('39.8071382082', '-86.1577714786', 'localflavor', 1237, 'Indianapolis, IN', '', 'Indy Pies and Pints with Arts 4 Learning', '5.0', 15, 'bV5dtW7JtIw4P6NkbVrObA', ' one of my favorite events of the year theres about six pizza vendors and about six beer vendors and all of them have multiple types of brews and toppings wait this might be my new favorite festival in town reasons to love this fest - it supports arts 4 learning a local arts-focused nonprofit- its 5 starswe paused for the cause on friday night and had a wonderful time sampling pizza beer pie and kombuchawe arrived about 45 after it started', 'https://s3-media4.fl.yelpcdn.com/bphoto/qXI-GEK7nx1S3Ld_CNaXoA/o.jpg', 'https://www.yelp.com/biz/indy-pies-and-pints-with-arts-4-learning-indianapolis?adjust_creative=13fm2IFOwwkkm0xoP1hczw&utm_campaign=yelp_api_v3&utm_medium=api_v3_business_search&utm_source=13fm2IFOwwkkm0xoP1hczw', ''),
('39.9127841652', '-86.1314165861', 'gyms', 1238, '1706 E 86th St', '+13172183928', 'Fit Flex Fly', '5.0', 16, 'E5cecsuxC11xDO9E3c93lA', ' i was there for the yelp event last night and i was thoroughly impressed by the facilities and the staff i used to work out pretty hard in college but fyi the spin  strength class is not just lifting weights on the bike its 30 mins of hard spin and another 30 mins of bootcamp style shiz what watch travelers calling anyone from out of town or in town this gym is the best gym i have been to on the road i travel a lot every month and to get my', 'https://s3-media2.fl.yelpcdn.com/bphoto/ZoRGh8jWub3iVekqYWTQlA/o.jpg', 'https://www.yelp.com/biz/fit-flex-fly-indianapolis?adjust_creative=13fm2IFOwwkkm0xoP1hczw&utm_campaign=yelp_api_v3&utm_medium=api_v3_business_search&utm_source=13fm2IFOwwkkm0xoP1hczw', ''),
('39.9095694000', '-86.2526730000', 'healthtrainers', 1239, '5333 W 86th St', '+13174104608', 'Metrick Fitness', '5.0', 1, 'AoNX87MdbSljZLREVNXqCQ', ' metrick fitness features mainly hiit classes which are suitable for all fitness levels  experience  each class is a different workout so there is no', 'https://s3-media2.fl.yelpcdn.com/bphoto/tigYQ-j30TL7W6WGWNoyYg/o.jpg', 'https://www.yelp.com/biz/metrick-fitness-indianapolis?adjust_creative=13fm2IFOwwkkm0xoP1hczw&utm_campaign=yelp_api_v3&utm_medium=api_v3_business_search&utm_source=13fm2IFOwwkkm0xoP1hczw', ''),
('39.9561928536', '-86.0024913386', 'gyms', 1240, '11545 IKEA Way', '+13172841525', 'CYCLEBAR', '3.5', 21, 'KbcuXU3DJixLHkSi6vzLYQ', ' i love cyclebar- to the point it has become a personality trait i hate working out and i have finally found something that i actually enjoy the by accident i saw cycle bar in fishers was doing a re-grand opening special and offering a few free classes so i decided to try a couple of them out and i i get it now i finally understand why people like spin classes if my experience at cyclebar in fishers is any indication people like spin classes', 'https://s3-media4.fl.yelpcdn.com/bphoto/NGs31bDxO7Dq4VsrBKZv3Q/o.jpg', 'https://www.yelp.com/biz/cyclebar-fishers?adjust_creative=13fm2IFOwwkkm0xoP1hczw&utm_campaign=yelp_api_v3&utm_medium=api_v3_business_search&utm_source=13fm2IFOwwkkm0xoP1hczw', ''),
('39.8259716155', '-86.1856657820', 'artmuseums', 1241, '4000 Michigan Rd', '+13179231331', 'Newfields', '4.5', 47, 'vOPt116elxI6-aD1LrOLMw', ' visited newfields for the lume monet and friends experience admittedly i havent been to the museum in years so i was excited to go parking is free newfields will always have my heartnewfields has been through some pretty major highs and lows in the past few years like any grand old lady she wears it was my first time making it to harvest nights  newfields everything from the parking to the line to enter the museum garden was incredibly organized', 'https://s3-media3.fl.yelpcdn.com/bphoto/a1US8LATQe294ylS87twKw/o.jpg', 'https://www.yelp.com/biz/newfields-indianapolis-2?adjust_creative=13fm2IFOwwkkm0xoP1hczw&utm_campaign=yelp_api_v3&utm_medium=api_v3_business_search&utm_source=13fm2IFOwwkkm0xoP1hczw', ''),
('40.0425600000', '-86.1247100000', 'brewpubs', 1245, '303 E Main St', '+13178049780', 'Field Brewing', '3.5', 240, 'IIyP-hG7NTPlCRpAHW03yQ', ' service was okay- a little slow two entres showed here were not great pasta was so runny and noodles were very undercooked rice bowl was super dry and attended a private function in the party room thursday eve dec 29  very nice facility  the young lady bartender was very nice and pleasant  the one of my new favorite breweries not only is it so well designed and aesthetically pleasing the staff is phenomenal and the beer and food are amazinga', 'https://s3-media3.fl.yelpcdn.com/bphoto/sKDSHphqAUA2Fz5s7gMIIg/o.jpg', 'https://www.yelp.com/biz/field-brewing-westfield-2?adjust_creative=13fm2IFOwwkkm0xoP1hczw&utm_campaign=yelp_api_v3&utm_medium=api_v3_business_search&utm_source=13fm2IFOwwkkm0xoP1hczw', '$$'),
('39.9144400000', '-86.1110000000', 'bakeries', 1246, '8702 Keystone Crossing', '+13175759820', 'Mrs. Fields Fashion Mall', '4.0', 3, '19ptQ-hxTQTNrCfpe9mw3Q', ' for this review i will ask dr doofenshmirtz to fill in for me while i find a way to make my day off less slow  hey lets try this bakery over here hey i come here often for lunch for the really good soups and sandwiches im particularly fond of the creamy potato soup but i also enjoy the chili would before writing this review i took a look at the mrs fields web site i was curious to find out if all mrs fields stores offer sandwiches and soup from', 'https://s3-media4.fl.yelpcdn.com/bphoto/DrkccpkuikF3bhDA2ZRqaA/o.jpg', 'https://www.yelp.com/biz/mrs-fields-fashion-mall-indianapolis?adjust_creative=13fm2IFOwwkkm0xoP1hczw&utm_campaign=yelp_api_v3&utm_medium=api_v3_business_search&utm_source=13fm2IFOwwkkm0xoP1hczw', '$'),
('39.7569900000', '-86.1633800000', 'stadiumsarenas', 1247, '230 W McCarty St', '', 'Hurst Bean Field', '5.0', 2, 'p_hxGJhIaMRWlfa14_kuww', ' best parking and tailgating for lucas oil stadium events bit of a waiting list for colts season so you might need to find a friend when the weather is this is by far the best place to tailgate in indy weve been tailgating here since 2001 and it gets better every year the lot is clean and safe and there', 'https://s3-media1.fl.yelpcdn.com/bphoto/FGU0t_ettqeafV7jGKVH8A/o.jpg', 'https://www.yelp.com/biz/hurst-bean-field-indianapolis?adjust_creative=13fm2IFOwwkkm0xoP1hczw&utm_campaign=yelp_api_v3&utm_medium=api_v3_business_search&utm_source=13fm2IFOwwkkm0xoP1hczw', ''),
('39.7648071009', '-86.1685137465', 'stadiumsarenas', 1248, '501 W Maryland St', '+13175326778', 'Victory Field', '4.5', 225, 'kzxpl9HidQVMEuUoRVB7nA', ' ive seen dozens of games here over the years and it is just a great ballparkthey have lots of fun summer specials from firework friday thirsty thursday nice clean spacious and fan friendly the staff are great they really did dog days well with all the dogs in the outfield for a fairly big crowd it was we had a great time at the ballpark sitting in the outfield is such an easy option with kids we brought snacks and got food at her concession stand', 'https://s3-media4.fl.yelpcdn.com/bphoto/6E9eOlnjNMQ3gtbTh7HRmA/o.jpg', 'https://www.yelp.com/biz/victory-field-indianapolis?adjust_creative=13fm2IFOwwkkm0xoP1hczw&utm_campaign=yelp_api_v3&utm_medium=api_v3_business_search&utm_source=13fm2IFOwwkkm0xoP1hczw', ''),
('39.7544317263', '-86.1755044349', 'publicart', 1249, '1032 Kentucky Ave', '', 'Urban Fields', '4.0', 1, '4oTmepnBMF4OH4xHmnbwpg', ' although there isnt much landscaping to help brighten up the area for this mural there is at least a lot of color in what might otherwise be a neglected', 'https://s3-media3.fl.yelpcdn.com/bphoto/5eWuCOmxGZ8m9_E7kipcWw/o.jpg', 'https://www.yelp.com/biz/urban-fields-indianapolis?adjust_creative=13fm2IFOwwkkm0xoP1hczw&utm_campaign=yelp_api_v3&utm_medium=api_v3_business_search&utm_source=13fm2IFOwwkkm0xoP1hczw', ''),
('39.9644871801', '-86.2855676562', 'playgrounds', 1250, '9645 Whitestown Rd', '', 'Mulberry Fields', '4.5', 18, 'K_1RGDbedsre8rwT7YFsoQ', ' this park has a prairie setting and features an amazing trail some vast green space and a skate park it is 38 acres and used to be a farmstead before splash pad playground pavilions basketball court trail natural prairie soccer fields sledding hill restrooms and more whats not to love this is a great park just went on a very hot sunday and was pleasantly surprised to find the splash pad completely empty had a lot of great water features in it my', 'https://s3-media3.fl.yelpcdn.com/bphoto/PbC8IyOmmgFzb4-N7_UjAQ/o.jpg', 'https://www.yelp.com/biz/mulberry-fields-zionsville?adjust_creative=13fm2IFOwwkkm0xoP1hczw&utm_campaign=yelp_api_v3&utm_medium=api_v3_business_search&utm_source=13fm2IFOwwkkm0xoP1hczw', ''),
('39.7322800000', '-86.2263300000', 'parks', 1251, '3820 W Bradbury Ave', '', 'Stout Field Park', '4.0', 7, 'GsBKihrlE_VWUzeMr_n_RA', ' i am starting to see a trend with indy parks they build parks by elementary schools so that they can use them i guess  this is another city park that has this park has a lot of fun equipment for the kids my children thoroughly enjoyed the trip however i picked up tons of trash upon arrival - nasty used this park hidden gem  we were looking for splash pads in indy and decided to try this location  there are only about half dozen street parking spaces but', 'https://s3-media4.fl.yelpcdn.com/bphoto/sOB1otoJS8GNTtT8a-qy6g/o.jpg', 'https://www.yelp.com/biz/stout-field-park-indianapolis-2?adjust_creative=13fm2IFOwwkkm0xoP1hczw&utm_campaign=yelp_api_v3&utm_medium=api_v3_business_search&utm_source=13fm2IFOwwkkm0xoP1hczw', ''),
('39.7653282244', '-86.1591399359', 'newamerican', 1252, '15 W Maryland St', '+13179174408', 'Yard House', '4.0', 916, 't5qfe9lOZiMyvHfAqwnAlw', ' fries was so gooooood i bussed em down fasho also has great service food came out fast what an amazing culinary experience i had  the food the wait staff and ambiance was excellentappetizer queso with chips very rich cheesy flavorful whats not to love about a place that serves half yards of beeryard house is always a solid spot to dine in downtown this place is huge  accompanied', 'https://s3-media2.fl.yelpcdn.com/bphoto/3bLD_wfFAGFGo-6oABVMiw/o.jpg', 'https://www.yelp.com/biz/yard-house-indianapolis-3?adjust_creative=13fm2IFOwwkkm0xoP1hczw&utm_campaign=yelp_api_v3&utm_medium=api_v3_business_search&utm_source=13fm2IFOwwkkm0xoP1hczw', '$$'),
('40.0205827797', '-86.0459233056', 'pickyourown', 1253, '7177 E 161st St', '+13177761560', 'Spencer Farm', '4.5', 75, 'aKXi0HF0mf-y1NawpNROQw', ' strawberry season can sometimes be short so dont delay when the season opens go you wont be disappointed this is the second year weve  gone here i love this place the concord grapes are in season and they have been the best ive ever had they also sell cheese pies meat ice cream and baking this is a great farm that wasnt super crowded even on a beautiful saturday by the time we got here raspberries were picked out so we may try and come', 'https://s3-media4.fl.yelpcdn.com/bphoto/SvJfmQrU__W9eaIcBXmHlA/o.jpg', 'https://www.yelp.com/biz/spencer-farm-noblesville?adjust_creative=13fm2IFOwwkkm0xoP1hczw&utm_campaign=yelp_api_v3&utm_medium=api_v3_business_search&utm_source=13fm2IFOwwkkm0xoP1hczw', ''),
('39.9195873010', '-86.0559951612', 'parks', 1254, '6801 E 91st St', '', 'William S. Sahm Park', '4.0', 14, 'kDBk4XXDgXTfuVqm8ddwQw', ' super nice day out for being the beginning of february so i hit up the disc golf course with some friends 18 hole course mostly in the woods theres a this is not my usual park to take a walk or a stroll with my dog  i just happened to be closer to this park for the day  although it has some amenities - to be fair its pretty obvious that william s sahm park an 85 acre park formerly known as northeastway park on indys northeast side i suppose that was', 'https://s3-media1.fl.yelpcdn.com/bphoto/SLTpE17nKqZyPO0HsfpRpw/o.jpg', 'https://www.yelp.com/biz/william-s-sahm-park-indianapolis?adjust_creative=13fm2IFOwwkkm0xoP1hczw&utm_campaign=yelp_api_v3&utm_medium=api_v3_business_search&utm_source=13fm2IFOwwkkm0xoP1hczw', ''),
('39.9418252326', '-86.0695521288', 'parks', 1255, '10601 Hazel Dell Pkwy', '', 'Hazel Landing Park', '4.0', 9, 'e-mq2etFQcRj0C90CdL3Gg', ' summer 2020 was the season of exploring new-to-me parks in hamilton county and hazel landing park was on the list its oddly located at 106th and hazel this was a fun afternoon we went looking to hikewalk outside and we went to see how easy it would be to access fishing on the white river we found a i love that there are so many different kinds of parks in carmel hazel landing park skews more toward adults because its mainly just for frisbee golf ', 'https://s3-media1.fl.yelpcdn.com/bphoto/7vCQLcc3c9PWTYpdhmB-wQ/o.jpg', 'https://www.yelp.com/biz/hazel-landing-park-carmel?adjust_creative=13fm2IFOwwkkm0xoP1hczw&utm_campaign=yelp_api_v3&utm_medium=api_v3_business_search&utm_source=13fm2IFOwwkkm0xoP1hczw', ''),
('39.7895200000', '-86.1887600000', 'football', 1256, '1502 W 16th St', '+13173277194', 'Kuntz Soccer Complex', '4.0', 1, 'pWd0jGZPaBFtDV3w85oKpQ', ' this is a very nice complex with a decent sized private parking lot there are two fifa regulation sized fields measuring 120 yards in length and 75 yards', 'https://s3-media2.fl.yelpcdn.com/bphoto/yOxso9JLy5HzqS7zjrqIag/o.jpg', 'https://www.yelp.com/biz/kuntz-soccer-complex-indianapolis?adjust_creative=13fm2IFOwwkkm0xoP1hczw&utm_campaign=yelp_api_v3&utm_medium=api_v3_business_search&utm_source=13fm2IFOwwkkm0xoP1hczw', ''),
('39.7940537000', '-86.1459458000', 'parks', 1257, '1701 N Broadway St', '+13173277418', 'Martin Luther King Memorial Park', '5.0', 11, 'pqi4QOI1fC2kGeyxiW_jgw', ' i started my 2021 martin luther king jr holiday with a visit to indys martin luther king memorial park a park that marks the spot where indy residents great park with lots of stuff for kids to do there is an aquatic center next to it but hasnt been open for a while there is also a basketball court i could not have thought of a better day to visit this park then on mlks birthday i brought my kids as a teaching point for them as well this park has', 'https://s3-media1.fl.yelpcdn.com/bphoto/BWGUcT4Q0nMPp0VdSeBiTw/o.jpg', 'https://www.yelp.com/biz/martin-luther-king-memorial-park-indianapolis?adjust_creative=13fm2IFOwwkkm0xoP1hczw&utm_campaign=yelp_api_v3&utm_medium=api_v3_business_search&utm_source=13fm2IFOwwkkm0xoP1hczw', ''),
('39.9595160000', '-86.2097970000', 'parks', 1258, '2700 W 116th St', '+13178487275', 'West Park', '4.5', 29, 'byKTdpw1FyvR7fMfNSOQCg', ' west park has been reimagined and redesigned as of october 2022 and its an almost completely different park than it was when i left a review seven years i used to love west park and was so excited that it was going to be updated but im not confident that is what happened not only did the renovations take this park has been remade and is still not 100 complete as they are working on it as i write this they took away a lot of the smaller features and added a', 'https://s3-media2.fl.yelpcdn.com/bphoto/c6ACCG6lcfC2ZN2356dUZQ/o.jpg', 'https://www.yelp.com/biz/west-park-carmel?adjust_creative=13fm2IFOwwkkm0xoP1hczw&utm_campaign=yelp_api_v3&utm_medium=api_v3_business_search&utm_source=13fm2IFOwwkkm0xoP1hczw', ''),
('39.6136857336', '-86.1978316627', 'nonprofit', 1259, '110 N Morgantown Rd', '+13178825504', 'Center Grove Lassie League', '5.0', 2, 'PcpNXjdDsz8n6D1SF-Ge-g', ' this is a very nice softball complex that is home to many center grovegreenwood recreation leagues from 4 to 18 year olds  it has been around since 1974 very nice convenient restrooms  they take good care of their fields  kudos to those involved', 'https://s3-media2.fl.yelpcdn.com/bphoto/T1eAjv34lBMyDEwswD5tpg/o.jpg', 'https://www.yelp.com/biz/center-grove-lassie-league-greenwood?adjust_creative=13fm2IFOwwkkm0xoP1hczw&utm_campaign=yelp_api_v3&utm_medium=api_v3_business_search&utm_source=13fm2IFOwwkkm0xoP1hczw', ''),
('39.9466837000', '-86.2358717000', 'newamerican', 1260, '4450 Weston Pointe Dr', '+13178739700', 'Stone Creek Zionsville', '4.0', 234, '_3m2qyCqx2pnDNyo5vYM3g', ' we celebrated my mamas birthday here last night and it was great i called about a week in advance and made a reservation for 10 people at 630 we were high time i update the review for stone creek we have been dining here since 2010 and our latest visit was over a weekend with our kids their service is stone creek a part of the well-established cunningham restaurant group has four locations throughout indys suburbs the environment is classy and', 'https://s3-media4.fl.yelpcdn.com/bphoto/KN76W2OTjy61WXcqU0m12Q/o.jpg', 'https://www.yelp.com/biz/stone-creek-zionsville-zionsville-4?adjust_creative=13fm2IFOwwkkm0xoP1hczw&utm_campaign=yelp_api_v3&utm_medium=api_v3_business_search&utm_source=13fm2IFOwwkkm0xoP1hczw', '$$'),
('39.7829990000', '-86.1357750000', 'sportsbars', 1261, '1125 E Brookside Ave', '+13174060326', 'Fowling Warehouse - Indianapolis', '5.0', 43, 'LE6sb--oinlAfhT3VNhzjA', ' i hosted my 16 year old daughters birthday party here yesterday and we had a great time  there was a mixture of teens and adults in our party and it was this was a lot more fun than expected i went for a birthday party with a lane reservation the reservation comes with 10 wristbands and 2 hours of play this place is very spacious informal and fun but watch out for flying footballs its a cross between corn hole football and bowling it is easy to', 'https://s3-media2.fl.yelpcdn.com/bphoto/wkXOTEil16Kb_pYZaG_f6A/o.jpg', 'https://www.yelp.com/biz/fowling-warehouse-indianapolis-indianapolis?adjust_creative=13fm2IFOwwkkm0xoP1hczw&utm_campaign=yelp_api_v3&utm_medium=api_v3_business_search&utm_source=13fm2IFOwwkkm0xoP1hczw', ''),
('39.7712235191', '-86.1778710492', 'stadiumsarenas', 1262, '1001 West New York Street', '+13172748056', 'Michael A Carroll Track & Soccer Stadium', '3.5', 13, 'JhuR0Msz2ZEaGtpXJw7UAg', ' the indy eleven recently has been transitioning to and from carroll stadium and lucas oil recently and personally i enjoy the atmosphere that this college ive been to a couple of different events here and ive always liked the stadium a bike ride that i do in the summer starts from here and ive been to an i came here for a soccer game and had a pretty good time we started off by tailgating in the parking lot for an hour or so we were able to park close', 'https://s3-media1.fl.yelpcdn.com/bphoto/6ZJn-9iwqdSyApbklaI_1A/o.jpg', 'https://www.yelp.com/biz/michael-a-carroll-track-and-soccer-stadium-indianapolis?adjust_creative=13fm2IFOwwkkm0xoP1hczw&utm_campaign=yelp_api_v3&utm_medium=api_v3_business_search&utm_source=13fm2IFOwwkkm0xoP1hczw', ''),
('39.7650590000', '-86.1568710000', 'breakfast_brunch', 1263, '110 S Pennsylvania St', '+13178205526', 'Gallery Pastry Bar', '4.5', 270, 'rfWis-9HkD3BgeX-vaI0SA', ' we had a great time the food was good and the pastry was amazing great service and scott went out of his way to accommodate our request and engage us in yes yes yesgallery pastry bar is my favorite place to stop in while downtown i usually go out of my way to leave my house early so i have time to grab a this is def the spot for a boozy brunch with your girlfriends aw soon as you walk in theres a party vibe you cant hear the music much so it is difficult', 'https://s3-media1.fl.yelpcdn.com/bphoto/V0yUXO2IqVdqFtTmNb1XqQ/o.jpg', 'https://www.yelp.com/biz/gallery-pastry-bar-indianapolis-4?adjust_creative=13fm2IFOwwkkm0xoP1hczw&utm_campaign=yelp_api_v3&utm_medium=api_v3_business_search&utm_source=13fm2IFOwwkkm0xoP1hczw', '$$'),
('39.7457200000', '-86.1496300000', 'speakeasies', 1264, '1542 S East St', '', 'The Vault Indy', '4.5', 35, 'l74cqGEMBvQAfAIZyRk5Zg', ' parkinglocation this wonderful little speakeasy is located south of downtown fountain square area in a neighborhood parking is all street parallel love the entrance door look for the light outside which is the clue until you find the actual vault the bar tends to change its code from time to time so the ambiance of this place is great a cool entrance and theme i loved it even from the outside i lived the old school fans the drinks were great but', 'https://s3-media3.fl.yelpcdn.com/bphoto/B7yt69t0xIYbiXFTCV3FOQ/o.jpg', 'https://www.yelp.com/biz/the-vault-indy-indianapolis?adjust_creative=13fm2IFOwwkkm0xoP1hczw&utm_campaign=yelp_api_v3&utm_medium=api_v3_business_search&utm_source=13fm2IFOwwkkm0xoP1hczw', '$$'),
('39.7634300000', '-86.1577300000', 'musicvenues', 1265, '225 S Meridian St', '+13172968896', 'Invy Nightclub', '3.5', 6, '1UWZHTP42JzowBJjOhOpSw', ' a great revival of revel one of very few venues in downtown indy that draw solid talent just watched markus schulz slay some unicorns great acoustics if i could give this place 0 stars then i would because we bought event tickets and waited more than 2 hours in line to get in the worst event hosted ever las vegas vibes in indianapolis invy brings in top djs from chicago to new york vegas and la always a great time with the best bottle service', 'https://s3-media2.fl.yelpcdn.com/bphoto/RtEkF1C_lUcFhWaRhpFp7w/o.jpg', 'https://www.yelp.com/biz/invy-nightclub-indianapolis?adjust_creative=13fm2IFOwwkkm0xoP1hczw&utm_campaign=yelp_api_v3&utm_medium=api_v3_business_search&utm_source=13fm2IFOwwkkm0xoP1hczw', ''),
('39.7798300000', '-86.1437600000', 'cocktailbars', 1266, '850 Massachusetts Ave', '+15137218423', 'Sundry and Vice', '4.5', 33, 'AYcsDAQQktKzt0uxq54jZw', ' sv is already a hot spot and we love to stop by for a cocktail before hitting the evenings entertainment the bartenders are beyond phenomenal and they i went to sv in a small group on a friday night around 7pm and we grabbed a booth without issue the bar did fill up a bit more shortly after overall i was excited to check this place out but was underwhelmed the vibe is nice and fun my issue is them charging 15 for a cocktail that came from a tap i', 'https://s3-media2.fl.yelpcdn.com/bphoto/Q77_gFa8m_3la7o8WSOqXA/o.jpg', 'https://www.yelp.com/biz/sundry-and-vice-indianapolis?adjust_creative=13fm2IFOwwkkm0xoP1hczw&utm_campaign=yelp_api_v3&utm_medium=api_v3_business_search&utm_source=13fm2IFOwwkkm0xoP1hczw', '$$'),
('39.7713870000', '-86.1537580000', 'cocktailbars', 1267, '301 Massachusetts Ave', '+13179435000', 'The Exchange Whiskey Bar', '4.5', 121, 'R5QFrVBfixnUeWjIhKZZ_w', ' great atmosphere good prices strong drinks my husband was a happy camper will be back my friends and i have been wanting to come here for drinks for a while now and i am so glad we finally did the exchange has a very speakeasy-esque vibe to this is now my go-to cocktail spot in downtown indy      its a really cool room with lots of comfy chairs and chesterfield sofas    their special', 'https://s3-media1.fl.yelpcdn.com/bphoto/TDW84-EoC4odP5szEl5i6Q/o.jpg', 'https://www.yelp.com/biz/the-exchange-whiskey-bar-indianapolis?adjust_creative=13fm2IFOwwkkm0xoP1hczw&utm_campaign=yelp_api_v3&utm_medium=api_v3_business_search&utm_source=13fm2IFOwwkkm0xoP1hczw', '$$'),
('39.7745105000', '-86.1497850000', 'cocktailbars', 1268, '545 Massachusetts Ave', '+13176023401', 'Wiseguy Lounge', '4.5', 111, 'Qe721w_WLS88SnBcu37ngg', ' wiseguy lounge is always my go to spot to grab a cocktail with friends their cocktail list has everything from bourbon to craft cocktails and even local my only complaint about wiseguy is that its not 4 times biggerbut if it was it wouldnt be wiseguy  great drinks for a reasonable price and a super who knew goodfellas had a barpass the counter and the corner once you enter goodfellas and thank me laterwe went to wiseguy on a thursday night and', 'https://s3-media3.fl.yelpcdn.com/bphoto/IHHnrAJ2L8bhsO2gxMjlJA/o.jpg', 'https://www.yelp.com/biz/wiseguy-lounge-indianapolis?adjust_creative=13fm2IFOwwkkm0xoP1hczw&utm_campaign=yelp_api_v3&utm_medium=api_v3_business_search&utm_source=13fm2IFOwwkkm0xoP1hczw', '$$'),
('39.7521961000', '-86.1395345000', 'speakeasies', 1269, '1103 Prospect St', '', 'Commodore', '4.5', 44, 'cPWmTRZIaYwGYo76nRVN-g', ' well-known speakeasy in the center of fountain square commodore is a dark swanky pre-game or post-event meet-up spot rather small space with usually only the place was very crowded the service was pretty slow and the drinks were incredibly over priced 15drink there are multiple cheaper better less this is a delightful find in fountain square with some very creative drinks  i got the old sport which has bell pepper juice in it somehow it worked i', 'https://s3-media2.fl.yelpcdn.com/bphoto/TQz2jw-PU8TI0PlF9yEoxA/o.jpg', 'https://www.yelp.com/biz/commodore-indianapolis?adjust_creative=13fm2IFOwwkkm0xoP1hczw&utm_campaign=yelp_api_v3&utm_medium=api_v3_business_search&utm_source=13fm2IFOwwkkm0xoP1hczw', '$$'),
('39.7675705000', '-86.2493668000', 'danceclubs', 1270, '111 N Lynhurst Dr', '+13174861569', '8 Seconds Saloon', '3.0', 56, '6lILg_0d7jP2D-R4yYLSmA', ' despite what some of the random lower star reviews have said i really enjoy it here as far as it being filthy  smelling bad ive not run into these on october 29 i visited 8 seconds saloon for a county music concert overall i had a very positive experience the venue was small enough that you could this was such a fun place to bring some friends line dancing we went on a line dancing specific night so i cannot speak to any concerts here or any other', 'https://s3-media3.fl.yelpcdn.com/bphoto/dD0QlNU4niAp_dHu9NrZIg/o.jpg', 'https://www.yelp.com/biz/8-seconds-saloon-indianapolis?adjust_creative=13fm2IFOwwkkm0xoP1hczw&utm_campaign=yelp_api_v3&utm_medium=api_v3_business_search&utm_source=13fm2IFOwwkkm0xoP1hczw', '$$'),
('39.7648811000', '-86.1597519000', 'lounges', 1271, '127 S Illinois St', '+13176350636', '1933 Lounge', '4.5', 183, 'bp-YfsJnbSje3ayCZLGaUA', ' ambiance- 1010service 1010food- 1010had a work dinner with clients and the service was really top notch we shared the shrimp cocktail artichoke dip this hidden gem is a must for anyone who loves cocktails whiskey and great bites to eat theres a smaller menu than st elmos downstairs but you can still we had a great experience at 1933 lounge having been on our list for a while we decided to try it for drinks and an appetizer before a meal at st elmo', 'https://s3-media3.fl.yelpcdn.com/bphoto/BFYpQymo-X3okF1VJ010ew/o.jpg', 'https://www.yelp.com/biz/1933-lounge-indianapolis?adjust_creative=13fm2IFOwwkkm0xoP1hczw&utm_campaign=yelp_api_v3&utm_medium=api_v3_business_search&utm_source=13fm2IFOwwkkm0xoP1hczw', '$$$'),
('39.7656624019', '-86.1575699598', 'bars', 1272, '20 E Maryland St', '+13174233080', 'Wild Beaver Saloon', '3.5', 76, 'hXoepjM1gvw8kfcMtHqiyg', ' not as large as nashville but we had a damn good time drinks are priced perfectly stage is quite small this is not a safe space a group of queer presenting friends and i went here around midnight we were the only ones stopped at the door to get in and wait super crowded always but tons of fun great sound and good drinks fun karaoke spot', 'https://s3-media1.fl.yelpcdn.com/bphoto/4e7CEsr0chvqh47YZN9Hyg/o.jpg', 'https://www.yelp.com/biz/wild-beaver-saloon-indianapolis?adjust_creative=13fm2IFOwwkkm0xoP1hczw&utm_campaign=yelp_api_v3&utm_medium=api_v3_business_search&utm_source=13fm2IFOwwkkm0xoP1hczw', '$'),
('39.7847500000', '-86.1840300000', 'vegan', 1273, '1220 Waterway Blvd.', '+13177825154', 'Burgeezy', '4.5', 56, 'JL6U8xzmWZJgVTZy6S4rsQ', ' lord my god my husband and i were looking for a meat alternative and there was nothing appetizing in greenwood so what do i do ask siri for vegan i visited this vegan spot because one is black on my to because i was fasting safe to say that i will be back here on a regular basis because their food is update to my previous review i ordered pickup and it was only after i realized they moved locations they are now in amp foodhall which is great im glad', 'https://s3-media2.fl.yelpcdn.com/bphoto/rCZZiPmVXEc7vT0UimC3Tg/o.jpg', 'https://www.yelp.com/biz/burgeezy-indianapolis?adjust_creative=13fm2IFOwwkkm0xoP1hczw&utm_campaign=yelp_api_v3&utm_medium=api_v3_business_search&utm_source=13fm2IFOwwkkm0xoP1hczw', '$$'),
('39.7733071672', '-86.1520911055', 'burgers', 1274, '410 Massachusetts Ave', '+13176354278', 'Bru Burger Bar - Indianapolis', '4.0', 1769, '8yR12PNSMo6FBYx1u5KPlw', ' the food and service were amazing they were so accommodating to my food sensitivities without making me feel bad about what i needed the manager came over in the midst of a city plagued by the rise of crime and a society that is increasingly disenchanted i found myself at the bru burger bar on mass ave in when we got here there was a 45 minute wait but they ended up seating us in 10 minuteswe shared the onion rings which were fantastici got the patty', 'https://s3-media4.fl.yelpcdn.com/bphoto/23Dg7fYZVKzKMN3AUE_Uxw/o.jpg', 'https://www.yelp.com/biz/bru-burger-bar-indianapolis-indianapolis-3?adjust_creative=13fm2IFOwwkkm0xoP1hczw&utm_campaign=yelp_api_v3&utm_medium=api_v3_business_search&utm_source=13fm2IFOwwkkm0xoP1hczw', '$$'),
('39.8425150000', '-86.1541070000', 'burgers', 1275, '115 E 49th St', '+13174265001', 'Apocalypse Burger', '4.0', 164, 'tdYLq7_01ir58cQI9e6yeA', ' this place was actually way too good its very good for and for its level of quality its a great price the pickle chips and ranch where so good the i am a lover of burgers especially the kind they make here- crispy -edged smash burgers with fancy sauces and lots of fat apocalypse burger fills the hole do you want to have the best ice cream float of your life if so bring yourself down to apocalypse burger yes i know this is a burger place but dessert', 'https://s3-media1.fl.yelpcdn.com/bphoto/_fez8IUR5E2xk5SNw4ASDQ/o.jpg', 'https://www.yelp.com/biz/apocalypse-burger-indianapolis-4?adjust_creative=13fm2IFOwwkkm0xoP1hczw&utm_campaign=yelp_api_v3&utm_medium=api_v3_business_search&utm_source=13fm2IFOwwkkm0xoP1hczw', '$$'),
('39.9057300000', '-86.0641000000', 'burgers', 1276, '6020 E 82nd St', '', 'California Burger', '4.5', 57, 'K9TfA6DBAxR2e7Doi6oGkA', ' i had no expectations driving up here but this was an amazing burger that was really juicy i ordered with everything and it was fantastic the crinkle today i found myself in castleton so i decided to try out california burger to see what all the hype was about i tend to find places such as whataburger i had another great experience at california burger i was craving a burger and decided to swing by after graduation and thankfully i didnt have to wait', 'https://s3-media1.fl.yelpcdn.com/bphoto/Gn1zG_fpPxR6HShwsLHX7Q/o.jpg', 'https://www.yelp.com/biz/california-burger-indianapolis-3?adjust_creative=13fm2IFOwwkkm0xoP1hczw&utm_campaign=yelp_api_v3&utm_medium=api_v3_business_search&utm_source=13fm2IFOwwkkm0xoP1hczw', ''),
('39.7727898229', '-86.1386414000', 'comfortfood', 1277, '414 Dorman St', '+13174929887', 'Natural State Provisions', '4.5', 35, '4EKWAxlpqXyiBhs08VLAoQ', ' a delicious hidden treat in the highland park area i work nearby and this place has been the talk of my officeit gives off a dive bar vibe while still finally made it to natural state provisions we had some delicious cocktails tried the new mexican style egg rolls and each got our own sandwiches both we ventured out on a saturday evening wthe kids and had planned to go to king dough driving by we saw a line and decided to turn around -- and while', 'https://s3-media1.fl.yelpcdn.com/bphoto/tqd9dhAuDj3WYxXRr2XsZQ/o.jpg', 'https://www.yelp.com/biz/natural-state-provisions-indianapolis?adjust_creative=13fm2IFOwwkkm0xoP1hczw&utm_campaign=yelp_api_v3&utm_medium=api_v3_business_search&utm_source=13fm2IFOwwkkm0xoP1hczw', '$$'),
('39.7847500000', '-86.1840300000', 'burgers', 1278, '1220 Waterway Blvd', '+13176430424', 'Beast - AMP', '5.0', 42, 'OLGQHYhOMCdtqBig56NFIw', ' i have been an earlier supporter of beast  amp but i appreciate the owners innovation he is constantly updating the menu and incorporating diff lerner sweet mother of pearl -- this veggie burger was the mother of veggie burgers  it literally looked like it came out of a burger commercial  if you havent just wanted to share another delicious trip to the beast i had a delicious savory cooked to perfection burger called cowboy candy it had an awesome combo', 'https://s3-media1.fl.yelpcdn.com/bphoto/5C8nITzaagZYmAuIZLJ7lA/o.jpg', 'https://www.yelp.com/biz/beast-amp-indianapolis?adjust_creative=13fm2IFOwwkkm0xoP1hczw&utm_campaign=yelp_api_v3&utm_medium=api_v3_business_search&utm_source=13fm2IFOwwkkm0xoP1hczw', '$$'),
('39.8832100000', '-86.0710600000', 'beerbar', 1279, '5711 E 71st St', '+13175164814', 'Roots Burger Bar', '4.0', 96, 'VEGvvazGmbukHqZyToVvYw', ' all the food  service has been great during my three visits thus far and kudos to our bartender the dev-meister sat in the bar and enjoyed the atmosphere you get a popcorn bucket when you walk in which is neat everything we got was delicious and our server was theres nothing better than spending a saturday evening in a cozy sports bar munching on some delicious bites and watching the wild card games on one of', 'https://s3-media4.fl.yelpcdn.com/bphoto/jojmr44rp3kUIHsAjcUUkw/o.jpg', 'https://www.yelp.com/biz/roots-burger-bar-indianapolis?adjust_creative=13fm2IFOwwkkm0xoP1hczw&utm_campaign=yelp_api_v3&utm_medium=api_v3_business_search&utm_source=13fm2IFOwwkkm0xoP1hczw', '$$'),
('39.8398460000', '-86.1447680000', 'tradamerican', 1280, '4601 N College Ave', '+13176028672', 'Root & Bone Indianapolis', '4.5', 494, 'PjjShgqNvX5Marv-RJ1oNg', ' we met a friend at root and bone a couple weeks ago and it was amazing we had reservations on a monday at 530 and we were able to walk in and be sat right root and bone is rustic and cheek at the same time if youre a person who goes for the experience their music gave it a jazzy cozy vibe our waitress was we have lived in indianapolis now for over a year we moved here from charleston sc where we lived for the previous 24 years numerous people mentioned', 'https://s3-media2.fl.yelpcdn.com/bphoto/fT7WT9klFkN8OrkNVLAE3g/o.jpg', 'https://www.yelp.com/biz/root-and-bone-indianapolis-indianapolis?adjust_creative=13fm2IFOwwkkm0xoP1hczw&utm_campaign=yelp_api_v3&utm_medium=api_v3_business_search&utm_source=13fm2IFOwwkkm0xoP1hczw', '$$'),
('39.9705000000', '-86.0910800000', 'tradamerican', 1281, '12552 Gray Rd', '+14632732004', 'Roots Burger Bar', '3.5', 31, 'peZev4lUJxPZEJpvx0R-DA', ' who knew such a place could exist in a strip mall my boyfriend and i came on a saturday and this place was busy upon walking in we immediately loved the when this place first opened my husband and i loved it staff were great and the burgers as well as the fish and chips last night we went and the service good evening scott long time patron of you last venture and many of its locations first and second time visiting a roots burger bar i was in this', 'https://s3-media3.fl.yelpcdn.com/bphoto/zBeZwJSHAXCNrgxK06oMdQ/o.jpg', 'https://www.yelp.com/biz/roots-burger-bar-carmel?adjust_creative=13fm2IFOwwkkm0xoP1hczw&utm_campaign=yelp_api_v3&utm_medium=api_v3_business_search&utm_source=13fm2IFOwwkkm0xoP1hczw', ''),
('40.1978030000', '-85.4058260000', 'burgers', 1282, '1700 West University Ave', '+17652166026', 'Roots Burger Bar', '4.0', 105, 'ErT_xL01WXdvU8OZAVLFLg', ' always a good time when we go to roots my husband loves that they give popcorn to all the tables and their burgers are very good always have the sports on dropped in on a recent visit to the area and was looking for a bite  we found this place on yelp and tried it based on the reviews  parking is tight took so first off- this was a grubhub delivery so full disclosure but the location is 2 miles away the burgers were fine enough nothing crazy good the', 'https://s3-media3.fl.yelpcdn.com/bphoto/5QkWdzWavXi1-p8bDLutLQ/o.jpg', 'https://www.yelp.com/biz/roots-burger-bar-muncie?adjust_creative=13fm2IFOwwkkm0xoP1hczw&utm_campaign=yelp_api_v3&utm_medium=api_v3_business_search&utm_source=13fm2IFOwwkkm0xoP1hczw', '$$'),
('39.7575653114', '-86.1457939620', 'newamerican', 1283, '653 Virginia Ave', '+13176861580', 'Bluebeard', '4.5', 1123, 'WrZaL6BxHqVqt3sAcJ-5Rg', ' my wife and i went here on the last day of devour 2023 she went with the devour menu getting the beet salad vegetarian pasta dish and the bread pudding i we had a nice experience at bluebeard but im not sure well be back for dinner for some time i visited with a group of 5 for a work anniversary big fan great dinner spot for special nights anniversary birthday etcill also go there and have a drink occasionally as i live across the', 'https://s3-media3.fl.yelpcdn.com/bphoto/vWGojajKespEkRsYvgFjxw/o.jpg', 'https://www.yelp.com/biz/bluebeard-indianapolis?adjust_creative=13fm2IFOwwkkm0xoP1hczw&utm_campaign=yelp_api_v3&utm_medium=api_v3_business_search&utm_source=13fm2IFOwwkkm0xoP1hczw', '$$'),
('39.8715514828', '-86.1431678661', 'shoes', 1284, '6350 Guilford Ave', '+13172533709', 'Good Earth Natural Food', '4.5', 91, '926L7Go0lOMk_GyXSjMc8Q', ' i followed my friend around good earth like a puppy with my mouth agape shes a seasoned veteran and nonchalantly showed me room after room of foods this place has all the good healthy good stuff theyve got everything from herbs powders and supplements i purchase bladderwrack burdock root sea the staff is very helpful and good earth always has a great selection of herbs im looking for  a great place to get specialty herbs without the wait  i', 'https://s3-media2.fl.yelpcdn.com/bphoto/PghGVlQ2GMSs8NZJyOHWLQ/o.jpg', 'https://www.yelp.com/biz/good-earth-natural-food-indianapolis?adjust_creative=13fm2IFOwwkkm0xoP1hczw&utm_campaign=yelp_api_v3&utm_medium=api_v3_business_search&utm_source=13fm2IFOwwkkm0xoP1hczw', '$$'),
('39.7218481556', '-86.0895283520', 'tea', 1285, '626 Main St', '+13175919497', 'Rustic Root', '4.5', 39, '1ySb0EDc_DEiFwcyYbIdXA', ' if you are looking for a place to have a special outing with your girl friends i would highly recommend the rustic root when you enter the establishment the cutest great atmosphere and well thought out tea service the grand tea is plenty to drink and eat if 2 people opt for 2 grand teas they combine it i saw a recommendation for the tea room and decided to try it out with a friend we meet regularly for lunch and love new placeswe did not have', 'https://s3-media2.fl.yelpcdn.com/bphoto/GZo249YSHiKOgoy2P6rPuQ/o.jpg', 'https://www.yelp.com/biz/rustic-root-beech-grove-4?adjust_creative=13fm2IFOwwkkm0xoP1hczw&utm_campaign=yelp_api_v3&utm_medium=api_v3_business_search&utm_source=13fm2IFOwwkkm0xoP1hczw', '$$'),
('39.7717500000', '-86.1540200000', 'tradamerican', 1287, '310 Massachusetts Ave', '+13179291799', 'The Eagle', '4.5', 2571, 'UFCN0bYdHroPKu6KV5CJqg', ' amazing hot-honey chickenawesome server cool sports bar ambiance with a good local crowd this is a great restaurant i got the quarter chicken dark meat and the biscuits both were amazing and very cheap for the location they have a lot of lets talk about the fried chicken for a moment  oh youve not stopped by the eagle for the fried chicken  make a reservation bring a friend have the', 'https://s3-media1.fl.yelpcdn.com/bphoto/Mja3-Ql35_nTNCeimreOXA/o.jpg', 'https://www.yelp.com/biz/the-eagle-indianapolis-13?adjust_creative=13fm2IFOwwkkm0xoP1hczw&utm_campaign=yelp_api_v3&utm_medium=api_v3_business_search&utm_source=13fm2IFOwwkkm0xoP1hczw', '$$'),
('39.7719812000', '-86.1535945000', 'bars', 1288, '334 Massachusetts Ave', '+13176356962', 'Bakersfield', '4.5', 1790, 'S_jfDqc2TUhkraTpeZgqjg', ' my friends and i came to bakersfield to catch up and the food was killer even had amazing margaritas too but one of the most impressive things there was i mean i really dont need to update my review again bc i love bakersfield every time lol but our server jack was so wonderful tonight he could not have we stppoed here before going to the ballet at old national center surprisingly there was not a wait at 6pm on a friday night we got seated right awaywe', 'https://s3-media2.fl.yelpcdn.com/bphoto/AFRmyeh5hpVhdZ-4gD6aDg/o.jpg', 'https://www.yelp.com/biz/bakersfield-indianapolis?adjust_creative=13fm2IFOwwkkm0xoP1hczw&utm_campaign=yelp_api_v3&utm_medium=api_v3_business_search&utm_source=13fm2IFOwwkkm0xoP1hczw', '$$'),
('39.7721510000', '-86.1538340000', 'tradamerican', 1289, '323 N Delaware St', '+13177466097', 'The Oakmont', '4.5', 296, 'f2kxNoOEdL3bAi_p2UrWxw', ' my first time and it was great tried to make reservations at the last minute but there were none we were able to walk up and get seats at the bar the listen there is no reason for me to drone on about how good the oakmont is since others have sung their praises   so i will simply say just visit and see birthday brunch was a success   the service and the food here are both amazingwe had no idea we needed to make a reservation and almost did not get', 'https://s3-media3.fl.yelpcdn.com/bphoto/8qbwXGsRP-DvPN9x-laxcw/o.jpg', 'https://www.yelp.com/biz/the-oakmont-indianapolis?adjust_creative=13fm2IFOwwkkm0xoP1hczw&utm_campaign=yelp_api_v3&utm_medium=api_v3_business_search&utm_source=13fm2IFOwwkkm0xoP1hczw', '$$');
INSERT INTO `pois` (`Lat`, `Lng`, `Category`, `id`, `address`, `phone`, `name`, `rating`, `num_ratings`, `API_ID`, `reviews`, `image_url`, `url`, `price`) VALUES
('39.7732276917', '-86.1511688232', 'jazzandblues', 1293, '435 Massachusetts Ave', '+13176360584', 'Chatterbox Jazz Club', '4.0', 159, 'GcB6ydlPej7iFqkGVK0ZRA', ' i love chatterbox great music mostly jazz but not only by incredibly talented mostly local artists wide variety of drink options live that they have i love chatterbox im so glad they came back  their commitment to live jazz and their drink options are top notch it definitely has a grunge vibe but if great venue  totally a tiny dive bar with great service and great live music every day  there is a small cover charge  full bar  tap beer  frozen', 'https://s3-media2.fl.yelpcdn.com/bphoto/skKQS4xUDlp3hDgzuInLKQ/o.jpg', 'https://www.yelp.com/biz/chatterbox-jazz-club-indianapolis?adjust_creative=13fm2IFOwwkkm0xoP1hczw&utm_campaign=yelp_api_v3&utm_medium=api_v3_business_search&utm_source=13fm2IFOwwkkm0xoP1hczw', '$'),
('39.7524736889', '-86.1387534821', 'lounges', 1294, '1116 Prospect St', '+13176869550', 'White Rabbit Cabaret', '4.5', 118, 'wx_s6Vkpm3fgB0een8Fhcg', ' so thrilled to have found this place an advertisement for their brain drain trivia night brought us in and we were very pleasantly surprised definitely white rabbit always has fun interesting shows and events having for a good pricei especially love their comedy shows on friday nights the bar is this place is an absolute gem its located right in fountain square and we went there this monday to watch a cabaret comedy show featuring lillian baxter', 'https://s3-media3.fl.yelpcdn.com/bphoto/ZtRLQOqfURj-VOzLYR1kxA/o.jpg', 'https://www.yelp.com/biz/white-rabbit-cabaret-indianapolis?adjust_creative=13fm2IFOwwkkm0xoP1hczw&utm_campaign=yelp_api_v3&utm_medium=api_v3_business_search&utm_source=13fm2IFOwwkkm0xoP1hczw', '$$'),
('39.7526910000', '-86.1409750000', 'musicvenues', 1295, '1043 Virginia Ave', '+13179867100', 'HI-FI', '4.5', 133, 'cSHp3ncOeVuIRNHqxf-7kQ', ' excellent location for indie band concertsrecently i attended a toadies show at the hi-fi annex an outdoor setup in the back of the murphy art center in chill intimate venue with both an indoor and outdoor concert space  they have reasonably priced shows most nights of the week  i didnt have any but the my favorite concert venue in indy great lineup with artists big and small great layout so everyone has a good view of the stage tickets are almost', 'https://s3-media2.fl.yelpcdn.com/bphoto/7EVzdowUQRGDp9tOGSuvNQ/o.jpg', 'https://www.yelp.com/biz/hi-fi-indianapolis?adjust_creative=13fm2IFOwwkkm0xoP1hczw&utm_campaign=yelp_api_v3&utm_medium=api_v3_business_search&utm_source=13fm2IFOwwkkm0xoP1hczw', '$$'),
('39.7523675833', '-86.1390688312', 'musicvenues', 1296, '1119 E Prospect St', '+13179550995', 'Radio Radio', '4.5', 54, 'WnZhGc722cszK_5imM4Qsw', ' indianapolis has several really cool venues for live music and a few crap ones i have a soft place in my heart for tufty cloughs radio radio a fountain radio radio has always been a fantastic place to see live shows in indianapolis they support local music but they bring in touring acts as well my radio radio has always been rad but the recent upgrade to the sound system has made it one of my favorite places in indy to see live music  theyve also', 'https://s3-media2.fl.yelpcdn.com/bphoto/ukEGLxcFbnRaSMcqPAgcLQ/o.jpg', 'https://www.yelp.com/biz/radio-radio-indianapolis?adjust_creative=13fm2IFOwwkkm0xoP1hczw&utm_campaign=yelp_api_v3&utm_medium=api_v3_business_search&utm_source=13fm2IFOwwkkm0xoP1hczw', '$$'),
('39.7643600000', '-86.1575400000', 'bars', 1297, '20 E Georgia St', '+13179550300', 'Howl at the Moon Indianapolis', '3.0', 175, 'ElaSvDEnNV0yfKkKzczLbw', ' went to howl at the moon for a birthday and the atmosphere was perfect however what really made the night great was our server kharonda she was amazing we came here for their new years eve event it was a ticketed event with different tiers we bought the base tier which include admission open bar and a in september 2021 i celebrated my three-month double transplant anniversary i decided to celebrate this milestone with friends and family after winning a', 'https://s3-media3.fl.yelpcdn.com/bphoto/Jxvke4k6Q54Hk3RZEHaYFw/o.jpg', 'https://www.yelp.com/biz/howl-at-the-moon-indianapolis-indianapolis?adjust_creative=13fm2IFOwwkkm0xoP1hczw&utm_campaign=yelp_api_v3&utm_medium=api_v3_business_search&utm_source=13fm2IFOwwkkm0xoP1hczw', '$$'),
('39.7811986173', '-86.1696830597', 'bbq', 1299, '621 West 11th St', '+13173336234', 'City Barbeque', '4.0', 240, 'O2cLeZe_YMPVnThflDX9Zg', ' my coworkers and i went to celebrate a birthday ended up with the motherload brisket pulled pork turkey half slab of ribs a half chicken two whoaaaaa this place is wonderful the beef brisket sandwhich is smoked and juicy  the hot nashville chicken sandwhich had an amazing spicy sauce and the city barbeque is one of my favorite places  the food is consistently good and the service is friendly  i have tried most of the items on the menu and most', 'https://s3-media1.fl.yelpcdn.com/bphoto/oMhxs8iu-jI8H3MAQDF0lg/o.jpg', 'https://www.yelp.com/biz/city-barbeque-indianapolis-4?adjust_creative=13fm2IFOwwkkm0xoP1hczw&utm_campaign=yelp_api_v3&utm_medium=api_v3_business_search&utm_source=13fm2IFOwwkkm0xoP1hczw', '$$'),
('39.7714614868', '-86.2052841187', 'localflavor', 1300, 'Indianapolis, IN 46222', '', 'City of Indianapolis', '4.5', 15, 'ioHnS9WgL3Cm0saFP-4lkg', ' for all the bad press this city seems to get i want to weigh in on the positives over my 5 days in february a long overdue this review focuses on downtown i was born in lebanon indiana with spina bifida a birth defect that when i was born still led to death for about 95 of those babies born with it while this is what i would call a little big city it is however the largest major us city thats not located on a navigable river it is indianas capitol', 'https://s3-media4.fl.yelpcdn.com/bphoto/I5kD8-hqnT-iGxpUPWC4Ug/o.jpg', 'https://www.yelp.com/biz/city-of-indianapolis-indianapolis-2?adjust_creative=13fm2IFOwwkkm0xoP1hczw&utm_campaign=yelp_api_v3&utm_medium=api_v3_business_search&utm_source=13fm2IFOwwkkm0xoP1hczw', ''),
('39.8246400000', '-86.1559200000', 'burgers', 1301, '23 E 38th St', '+13172837000', 'Big City Grill & Lemonade', '4.5', 123, '0BgrDm4tfQBtlEV-ZqtAtg', ' my first time eating here it was easy to find and some off street parking is available  carry out business was brisk but a few parking spots were still loved big city the food was prepared quickly and more importantly was delicious sam was very helpful and gave great recommendations for us and for our i absolutely love this place carry out or delivery its always fast and fresh wings are cooked perfectly seasoned well with a nice crunch seasoned', 'https://s3-media1.fl.yelpcdn.com/bphoto/-bZzMn5jVVg9MgTdzuy55A/o.jpg', 'https://www.yelp.com/biz/big-city-grill-and-lemonade-indianapolis?adjust_creative=13fm2IFOwwkkm0xoP1hczw&utm_campaign=yelp_api_v3&utm_medium=api_v3_business_search&utm_source=13fm2IFOwwkkm0xoP1hczw', '$'),
('39.7878401417', '-86.1533707294', 'galleries', 1302, '1505 N Delaware St', '+13173966386', 'City Gallery', '5.0', 1, 'UU86gyil8a4GzZSRpGiccQ', ' i absolutely love city gallery a small space that packs a punch have seen some wonderful shows here and love the connection usually shown to urban', 'https://s3-media3.fl.yelpcdn.com/bphoto/Nx9Gsk_D7oFIrDf0pqaB-g/o.jpg', 'https://www.yelp.com/biz/city-gallery-indianapolis?adjust_creative=13fm2IFOwwkkm0xoP1hczw&utm_campaign=yelp_api_v3&utm_medium=api_v3_business_search&utm_source=13fm2IFOwwkkm0xoP1hczw', ''),
('39.9793760000', '-86.0016920000', 'bbq', 1303, '9367 Ambleside Dr', '+13173483448', 'City Barbeque', '4.0', 213, 'yN6jZyG1G1FG_HCZQlJZ1g', ' we had the best ribs service was excellent leftovers the next day -- also amazing well be back city barbecue is tricky    ive eaten here a handful of times and heres my final opinion  carmel and fishers locations    -the customer service is we ordered the sampler the judge sampler everything was great my husband ate it for three days the pulled pork was very tender not stringy but tender', 'https://s3-media3.fl.yelpcdn.com/bphoto/QITuMq0vtW04UGPMB5cMWQ/o.jpg', 'https://www.yelp.com/biz/city-barbeque-fishers?adjust_creative=13fm2IFOwwkkm0xoP1hczw&utm_campaign=yelp_api_v3&utm_medium=api_v3_business_search&utm_source=13fm2IFOwwkkm0xoP1hczw', '$$'),
('39.7687900000', '-86.1534900000', 'chinese', 1304, '222 E Market St', '', 'City Wok', '2.5', 3, 'aKioWu22vFYhkXUkf0Uu1g', ' i really enjoyed it it honestly doesnt look that appetizing as you approach it but i implore you to try the rice and orange chicken they were about as city wok is a food court chinese food establishment located inside downtown indianapolis circle centre mall my family and i were in town for my daughters i hate to be that guy but i have to be brutally honest  this place is lacking in several departmentsthe food quality is horrible  the rice is dry and', 'https://s3-media3.fl.yelpcdn.com/bphoto/jBy6Pafeelhh06cDvOxy_g/o.jpg', 'https://www.yelp.com/biz/city-wok-indianapolis?adjust_creative=13fm2IFOwwkkm0xoP1hczw&utm_campaign=yelp_api_v3&utm_medium=api_v3_business_search&utm_source=13fm2IFOwwkkm0xoP1hczw', ''),
('39.9591110000', '-86.1268184000', 'bbq', 1305, '1356 South Rangeline Rd', '+13176608369', 'City Barbeque', '4.0', 257, 'rQMNZj4GB08s_22JsLwTYw', ' so last time i was at this location several years ago before covid the service was beyond terriblei stopped by this afternoon and had to comment as i i decided i was in the mood for city bbq for dinner tonight because i have always enjoyed the food from city bbq  as always it did not disappoint me at this has been one of my favorite bbq spots since college  love the casual vibe  the delicious food  personally - i love the pulled chicken sandwich ', 'https://s3-media1.fl.yelpcdn.com/bphoto/2gapMKl3FwXe0M54KN0hzw/o.jpg', 'https://www.yelp.com/biz/city-barbeque-carmel?adjust_creative=13fm2IFOwwkkm0xoP1hczw&utm_campaign=yelp_api_v3&utm_medium=api_v3_business_search&utm_source=13fm2IFOwwkkm0xoP1hczw', '$$'),
('39.8281400000', '-86.1154600000', 'churches', 1306, '3908 Meadows Dr', '+13179695448', 'City of Lights Church', '5.0', 2, 'GHWDV7PUxjnRZc0qGVz8Fg', ' incredible church on indys east side setting up in a local ymca city of lights has a great energy about it you just want to be a part of this group i love being a part of this beautiful community everyone is super warm and encouraging and i always leave feeling inspired', 'https://s3-media2.fl.yelpcdn.com/bphoto/74E1c3bM1GZdqmWkrxMXyg/o.jpg', 'https://www.yelp.com/biz/city-of-lights-church-indianapolis?adjust_creative=13fm2IFOwwkkm0xoP1hczw&utm_campaign=yelp_api_v3&utm_medium=api_v3_business_search&utm_source=13fm2IFOwwkkm0xoP1hczw', ''),
('39.7677200000', '-86.1535300000', 'localflavor', 1307, '200 E Washington St', '+13173273200', 'City of Indianapolis Marion County', '3.5', 8, 'WaoVnzCaqGuj09YCOGUaeA', ' is the city-county building itself a bit dated yes it was built in the 60s and thats not going to change but it is a centrally located easily it looks very forboding but in reality its very easy to get in and out   my review might be a little higher than others because i dont have to go this review is on the building itself as i believe a review for each individual office and the staff  should be represented separately  first of all if', 'https://s3-media1.fl.yelpcdn.com/bphoto/A5zZxavtGUHidD_0-lHfEA/o.jpg', 'https://www.yelp.com/biz/city-of-indianapolis-marion-county-indianapolis?adjust_creative=13fm2IFOwwkkm0xoP1hczw&utm_campaign=yelp_api_v3&utm_medium=api_v3_business_search&utm_source=13fm2IFOwwkkm0xoP1hczw', ''),
('39.7686835000', '-86.1534500000', 'localflavor', 1308, '222 E Market St', '+13176349266', 'Indianapolis City Market', '4.0', 240, 'uvGfk8eirExWR-B9zsIN5Q', ' since i started a new job in downtown indy i have been in search of my new go-to lunch spot and bam i found it for whatever reason i had never had a i went to city market for lunch and got food at a middle eastern restaurant and dessert at a cookie stand the falafel wrap and fries i got from the middle this place needs a facelift and an energizer of some sort    it was dead on a beautful sunny saturday afternoon   it has a lot of potential  i hate when', 'https://s3-media3.fl.yelpcdn.com/bphoto/iFqQFvCYlsFYm4p0Q6ttww/o.jpg', 'https://www.yelp.com/biz/indianapolis-city-market-indianapolis?adjust_creative=13fm2IFOwwkkm0xoP1hczw&utm_campaign=yelp_api_v3&utm_medium=api_v3_business_search&utm_source=13fm2IFOwwkkm0xoP1hczw', '$'),
('39.7663952000', '-86.1597752000', 'shoppingcenters', 1309, '49 W Maryland St', '+13176818000', 'Circle Centre Mall', '3.0', 171, 'Enf481q4AQpAK4uWiqoXbA', ' pretty cool mall in the downtown indianapolis area it was right across from the hotel i stayed at  hampton inn indianapolis downtown across from circle i had heard it was turning into a ghost town but seeing it with my own eyes was an experience just as many empty stores as occupied if not more empty circle centre mall is a downtown indianapolis indiana mall that is only street parking or garage parking in the heart of the downtown area multi leveled', 'https://s3-media4.fl.yelpcdn.com/bphoto/KHb99JxCd-aJjaCh_6OVdg/o.jpg', 'https://www.yelp.com/biz/circle-centre-mall-indianapolis-3?adjust_creative=13fm2IFOwwkkm0xoP1hczw&utm_campaign=yelp_api_v3&utm_medium=api_v3_business_search&utm_source=13fm2IFOwwkkm0xoP1hczw', '$$'),
('39.7678840000', '-86.1572914000', 'landmarks', 1310, '1 Monument Cir', '+13172346999', 'Soldiers & Sailors Monument', '4.5', 161, 'u9che5TW6BzR57PTIkQgxQ', ' the soldiers and sailors monument is a must see for any native or visitor to indianapolis it is the center of town and one of the older landmarks in n if youre from indianapolis youre familiar with this monument its the inspiration for the circle city namesake the structure is an architectural a grand monument to the fallen soldiers of indiana during the civil war revolutionary war and other conflicts it was the first monument in the us', 'https://s3-media4.fl.yelpcdn.com/bphoto/KnBdjniEWZkcAQK3EhwISA/o.jpg', 'https://www.yelp.com/biz/soldiers-and-sailors-monument-indianapolis?adjust_creative=13fm2IFOwwkkm0xoP1hczw&utm_campaign=yelp_api_v3&utm_medium=api_v3_business_search&utm_source=13fm2IFOwwkkm0xoP1hczw', ''),
('39.7732544000', '-86.1517487000', 'jewelry', 1311, '434 Massachusetts Ave', '+13179559925', 'Silver In the City', '4.5', 216, 'u_S84xiDCRJ3CV204CIYuQ', ' awesome great selection and very helpful staff and willing to help me find a local xmas ornament what a great little shop in indianapolisi visited silver in the city while waiting for a table at a local eaterywe were greeted by the friendly staff this is my absolute favorite store in indianapolis not only are the staff here always so kind but theyre knowledgable and try to answer any and all', 'https://s3-media2.fl.yelpcdn.com/bphoto/JY4KGsnYUUqWuNMpdZi2qw/o.jpg', 'https://www.yelp.com/biz/silver-in-the-city-indianapolis?adjust_creative=13fm2IFOwwkkm0xoP1hczw&utm_campaign=yelp_api_v3&utm_medium=api_v3_business_search&utm_source=13fm2IFOwwkkm0xoP1hczw', '$$');

-- --------------------------------------------------------

--
-- Table structure for table `trippois`
--

CREATE TABLE `trippois` (
  `id` int(11) NOT NULL,
  `POI_ID` int(11) NOT NULL,
  `startTime` varchar(11) NOT NULL,
  `endTime` varchar(11) NOT NULL,
  `tripID` int(11) NOT NULL
) ENGINE=InnoDB DEFAULT CHARSET=utf8mb4 COLLATE=utf8mb4_general_ci;

--
-- Dumping data for table `trippois`
--

INSERT INTO `trippois` (`id`, `POI_ID`, `startTime`, `endTime`, `tripID`) VALUES
(162, 1225, '00:00', '00:30', 100),
(163, 1233, '00:30', '01:00', 100),
(164, 1237, '01:00', '01:30', 100),
(165, 1238, '01:30', '02:00', 100),
(166, 1279, '02:00', '02:30', 100),
(167, 1280, '02:30', '03:00', 100),
(168, 1237, '00:00', '00:30', 103);

-- --------------------------------------------------------

--
-- Table structure for table `trips`
--

CREATE TABLE `trips` (
  `id` int(11) NOT NULL,
  `userID` int(11) NOT NULL,
  `name` varchar(55) NOT NULL,
  `lastModified` datetime NOT NULL DEFAULT current_timestamp()
) ENGINE=InnoDB DEFAULT CHARSET=utf8mb4 COLLATE=utf8mb4_general_ci;

--
-- Dumping data for table `trips`
--

INSERT INTO `trips` (`id`, `userID`, `name`, `lastModified`) VALUES
(100, 20, 'Test Trip', '2023-02-09 03:51:16'),
(101, 20, 'Test again', '2023-02-09 12:24:59'),
(102, 20, 'test', '2023-02-09 13:06:03'),
(103, 31, 'Alec', '2023-02-09 13:37:44');

-- --------------------------------------------------------

--
-- Table structure for table `users`
--

CREATE TABLE `users` (
  `id` int(50) NOT NULL,
  `username` varchar(50) DEFAULT NULL,
  `password` varchar(255) DEFAULT NULL,
  `date` datetime NOT NULL DEFAULT current_timestamp(),
  `gender` varchar(10) DEFAULT NULL,
  `race` char(55) DEFAULT NULL,
  `age` int(3) DEFAULT NULL,
  `birthday` date DEFAULT NULL
) ENGINE=InnoDB DEFAULT CHARSET=utf8mb4 COLLATE=utf8mb4_general_ci;

--
-- Dumping data for table `users`
--

INSERT INTO `users` (`id`, `username`, `password`, `date`, `gender`, `race`, `age`, `birthday`) VALUES
(5, 'chris', '$2y$10$Jh2JpZo1bO8MgTiPrNPMFO.1Y21vjMREx.NrZZZdJnGos1JsFPiba', '2022-10-09 22:33:19', 'female', 'other', 10, NULL),
(20, 'alec', '$2y$10$K4SPy7x/RK12B/ZZqes0MOVK.SIFbVTfZqiZHLephHWkyl3cqsy7u', '2022-11-01 21:55:53', 'male', 'black', 0, '2023-02-06'),
(21, 'test', '$2y$10$vGS6NLsetK8KpYi2PEJru.mvtwkyBqqYF9iY72rJWhx2hHcJbomym', '2022-11-01 22:40:14', 'female', 'white', 0, '2023-02-06'),
(22, 'thegreen116', '$2y$10$eyymN6Chjz3DpJ9t7NkWQu3DgFKQuMd8KVztX.zWtd1YgpM1s6dVO', '2022-11-03 12:29:07', 'noResponse', 'asian', 6, NULL),
(23, 'chris2', '$2y$10$0SeytjWmsenK8T.10/kBH.1wB5dQjwV6cbEAxkvRgH.7/dLQ395j2', '2022-11-07 20:55:21', 'male', 'white', 11, NULL),
(24, 'alec2', '$2y$10$UuWdovsF7LlhCoK2sG1ch.4Qi3UkpA.Y1ZyoOpuUvWUMhOZDq7K2K', '2022-11-08 22:41:29', 'female', 'americanIndian/alaskaNative', 8, NULL),
(25, 'alec3', '$2y$10$dWkI9xmYRKIzH77NnpKWDOWlOBcy5.H8MZ.cBMP3lcyZNDtWrZS/a', '2022-12-14 19:36:33', 'male', 'americanIndian/alaskaNative', 21, NULL),
(26, 'Drew', '$2y$10$JhcyPh0gU9hkW/jcMeDKPuGBHjs9E7CRtlzjgy4.r946vFIPPR7W2', '2022-12-15 09:46:34', NULL, NULL, NULL, NULL),
(27, 'Ronald', '$2y$10$E8UN7Y6XCEJJokZ/FEMfS.84Cq77GjixIqv9GO6niO1W2bJnBWCsa', '2022-12-15 09:48:24', NULL, NULL, NULL, NULL),
(28, 'AlecGreen', '$2y$10$XDRlhFnnUm5GMfuG1hz35uqIesEJ4nD.f2K5Hh0XgFH/av5NnpGD2', '2022-12-15 09:52:36', 'male', 'white', 21, NULL),
(29, 'AlecJoshua', '$2y$10$UJzZJonSK3oR8MWVVq8ja.3g4Tv9x2QzxqxJkPvxBjBERso40.GAG', '2022-12-15 10:09:22', 'male', 'white', 21, NULL),
(30, 'TestUser', '$2y$10$zHMHWHrV9goUhYhkA982wO4VxFNsRAJjsGxWIYbTGaP3hc0qAEtve', '2023-02-08 20:36:12', NULL, NULL, NULL, NULL),
(31, 'alec4', '$2y$10$FDfQ.MYuSV61kGimlcl/Wuc7xkEVEUf7KB8EtuSAOJ6Txg2W1VtY.', '2023-02-09 13:37:25', 'male', 'asian', 0, '2023-02-08');

--
-- Indexes for dumped tables
--

--
-- Indexes for table `likes`
--
ALTER TABLE `likes`
  ADD PRIMARY KEY (`userID`,`POI_ID`);

--
-- Indexes for table `pois`
--
ALTER TABLE `pois`
  ADD PRIMARY KEY (`id`),
  ADD UNIQUE KEY `API_ID` (`API_ID`);

--
-- Indexes for table `trippois`
--
ALTER TABLE `trippois`
  ADD PRIMARY KEY (`id`);

--
-- Indexes for table `trips`
--
ALTER TABLE `trips`
  ADD PRIMARY KEY (`id`);

--
-- Indexes for table `users`
--
ALTER TABLE `users`
  ADD PRIMARY KEY (`id`);

--
-- AUTO_INCREMENT for dumped tables
--

--
-- AUTO_INCREMENT for table `pois`
--
ALTER TABLE `pois`
  MODIFY `id` int(11) NOT NULL AUTO_INCREMENT, AUTO_INCREMENT=1314;

--
-- AUTO_INCREMENT for table `trippois`
--
ALTER TABLE `trippois`
  MODIFY `id` int(11) NOT NULL AUTO_INCREMENT, AUTO_INCREMENT=169;

--
-- AUTO_INCREMENT for table `trips`
--
ALTER TABLE `trips`
  MODIFY `id` int(11) NOT NULL AUTO_INCREMENT, AUTO_INCREMENT=104;

--
-- AUTO_INCREMENT for table `users`
--
ALTER TABLE `users`
  MODIFY `id` int(50) NOT NULL AUTO_INCREMENT, AUTO_INCREMENT=32;
COMMIT;

CREATE TABLE `recommendations`(
  `API_ID` varchar(55) DEFAULT NULL,
  `userID` varchar(50) DEFAULT NULL,
  `value` decimal(15,14) NOT NULL
) ENGINE=InnoDB DEFAULT CHARSET=utf8mb4 COLLATE=utf8mb4_general_ci;

ALTER TABLE `recommendations`
  ADD PRIMARY KEY (`API_ID`, `userID`);

/*!40101 SET CHARACTER_SET_CLIENT=@OLD_CHARACTER_SET_CLIENT */;
/*!40101 SET CHARACTER_SET_RESULTS=@OLD_CHARACTER_SET_RESULTS */;
/*!40101 SET COLLATION_CONNECTION=@OLD_COLLATION_CONNECTION */;
